team_name,player_name,position,source_note,attack_source,defensive_source,attack_raw,defensive_raw,injured,injury_description
France,Mike Maignan,GK,manual_curated_candidate,ranking_position_fallback,ranking_position_fallback,,,0,
France,Jules Kounde,DF,manual_curated_candidate,ranking_position_fallback,ranking_position_fallback,,,0,
France,William Saliba,DF,manual_curated_candidate,ranking_position_fallback,ranking_position_fallback,,,0,
France,Dayot Upamecano,DF,manual_curated_candidate,ranking_position_fallback,ranking_position_fallback,,,0,
France,Theo Hernandez,DF,manual_curated_candidate,ranking_position_fallback,ranking_position_fallback,,,0,
France,Aurelien Tchouameni,MF,manual_curated_candidate,ranking_position_fallback,ranking_position_fallback,,,0,
France,Eduardo Camavinga,MF,manual_curated_candidate,ranking_position_fallback,ranking_position_fallback,,,0,
France,Adrien Rabiot,MF,manual_curated_candidate,ranking_position_fallback,ranking_position_fallback,,,0,
France,Kylian Mbappe,FW,manual_curated_candidate,ranking_position_fallback,ranking_position_fallback,,,0,
France,Ousmane Dembele,FW,manual_curated_candidate,ranking_position_fallback,ranking_position_fallback,,,0,
France,Bradley Barcola,FW,manual_curated_candidate,ranking_position_fallback,ranking_position_fallback,,,0,
Spain,Unai Simon,GK,manual_curated_candidate,ranking_position_fallback,ranking_position_fallback,,,0,
Spain,Dani Carvajal,DF,manual_curated_candidate,ranking_position_fallback,ranking_position_fallback,,,0,
Spain,Robin Le Normand,DF,manual_curated_candidate,ranking_position_fallback,ranking_position_fallback,,,0,
Spain,Aymeric Laporte,DF,manual_curated_candidate,ranking_position_fallback,ranking_position_fallback,,,0,
Spain,Alejandro Balde,DF,manual_curated_candidate,ranking_position_fallback,ranking_position_fallback,,,0,
Spain,Rodri,MF,manual_curated_candidate,ranking_position_fallback,ranking_position_fallback,,,0,
Spain,Pedri,MF,manual_curated_candidate,ranking_position_fallback,ranking_position_fallback,,,0,
Spain,Fabian Ruiz,MF,manual_curated_candidate,ranking_position_fallback,ranking_position_fallback,,,0,
Spain,Lamine Yamal,FW,manual_curated_candidate,ranking_position_fallback,ranking_position_fallback,,,0,
Spain,Nico Williams,FW,manual_curated_candidate,ranking_position_fallback,ranking_position_fallback,,,0,
Spain,Alvaro Morata,FW,manual_curated_candidate,ranking_position_fallback,ranking_position_fallback,,,0,
Argentina,Emiliano Martinez,GK,manual_curated_candidate,ranking_position_fallback,ranking_position_fallback,,,0,
Argentina,Nahuel Molina,DF,manual_curated_candidate,ranking_position_fallback,ranking_position_fallback,,,0,
Argentina,Cristian Romero,DF,manual_curated_candidate,ranking_position_fallback,ranking_position_fallback,,,0,
Argentina,Nicolas Otamendi,DF,manual_curated_candidate,ranking_position_fallback,ranking_position_fallback,,,0,
Argentina,Nicolas Tagliafico,DF,manual_curated_candidate,ranking_position_fallback,ranking_position_fallback,,,0,
Argentina,Rodrigo De Paul,MF,manual_curated_candidate,ranking_position_fallback,ranking_position_fallback,,,0,
Argentina,Enzo Fernandez,MF,manual_curated_candidate,ranking_position_fallback,ranking_position_fallback,,,0,
Argentina,Alexis Mac Allister,MF,manual_curated_candidate,ranking_position_fallback,ranking_position_fallback,,,0,
Argentina,Lionel Messi,FW,manual_curated_candidate,ranking_position_fallback,ranking_position_fallback,,,0,
Argentina,Julian Alvarez,FW,manual_curated_candidate,ranking_position_fallback,ranking_position_fallback,,,0,
Argentina,Lautaro Martinez,FW,manual_curated_candidate,ranking_position_fallback,ranking_position_fallback,,,0,
England,Jordan Pickford,GK,manual_curated_candidate,ranking_position_fallback,ranking_position_fallback,,,0,
England,Kyle Walker,DF,manual_curated_candidate,ranking_position_fallback,ranking_position_fallback,,,0,
England,John Stones,DF,manual_curated_candidate,ranking_position_fallback,ranking_position_fallback,,,0,
England,Marc Guehi,DF,manual_curated_candidate,ranking_position_fallback,ranking_position_fallback,,,0,
England,Luke Shaw,DF,manual_curated_candidate,ranking_position_fallback,ranking_position_fallback,,,0,
England,Declan Rice,MF,manual_curated_candidate,ranking_position_fallback,ranking_position_fallback,,,0,
England,Jude Bellingham,MF,manual_curated_candidate,ranking_position_fallback,ranking_position_fallback,,,0,
England,Phil Foden,MF,manual_curated_candidate,ranking_position_fallback,ranking_position_fallback,,,0,
England,Bukayo Saka,FW,manual_curated_candidate,ranking_position_fallback,ranking_position_fallback,,,0,
England,Harry Kane,FW,manual_curated_candidate,ranking_position_fallback,ranking_position_fallback,,,0,
England,Cole Palmer,FW,manual_curated_candidate,ranking_position_fallback,ranking_position_fallback,,,0,
Portugal,Diogo Costa,GK,manual_curated_candidate,ranking_position_fallback,ranking_position_fallback,,,0,
Portugal,Joao Cancelo,DF,manual_curated_candidate,ranking_position_fallback,ranking_position_fallback,,,0,
Portugal,Ruben Dias,DF,manual_curated_candidate,ranking_position_fallback,ranking_position_fallback,,,0,
Portugal,Goncalo Inacio,DF,manual_curated_candidate,ranking_position_fallback,ranking_position_fallback,,,0,
Portugal,Nuno Mendes,DF,manual_curated_candidate,ranking_position_fallback,ranking_position_fallback,,,0,
Portugal,Bruno Fernandes,MF,manual_curated_candidate,ranking_position_fallback,ranking_position_fallback,,,0,
Portugal,Vitinha,MF,manual_curated_candidate,ranking_position_fallback,ranking_position_fallback,,,0,
Portugal,Bernardo Silva,MF,manual_curated_candidate,ranking_position_fallback,ranking_position_fallback,,,0,
Portugal,Cristiano Ronaldo,FW,manual_curated_candidate,ranking_position_fallback,ranking_position_fallback,,,0,
Portugal,Rafael Leao,FW,manual_curated_candidate,ranking_position_fallback,ranking_position_fallback,,,0,
Portugal,Joao Felix,FW,manual_curated_candidate,ranking_position_fallback,ranking_position_fallback,,,0,
Brazil,Alisson,GK,manual_curated_candidate,ranking_position_fallback,ranking_position_fallback,,,0,
Brazil,Danilo,DF,manual_curated_candidate,ranking_position_fallback,ranking_position_fallback,,,0,
Brazil,Marquinhos,DF,manual_curated_candidate,ranking_position_fallback,ranking_position_fallback,,,0,
Brazil,Gabriel Magalhaes,DF,manual_curated_candidate,ranking_position_fallback,ranking_position_fallback,,,0,
Brazil,Guilherme Arana,DF,manual_curated_candidate,ranking_position_fallback,ranking_position_fallback,,,0,
Brazil,Bruno Guimaraes,MF,manual_curated_candidate,ranking_position_fallback,ranking_position_fallback,,,0,
Brazil,Lucas Paqueta,MF,manual_curated_candidate,ranking_position_fallback,ranking_position_fallback,,,0,
Brazil,Andre,MF,manual_curated_candidate,ranking_position_fallback,ranking_position_fallback,,,0,
Brazil,Vinicius Junior,FW,manual_curated_candidate,ranking_position_fallback,ranking_position_fallback,,,0,
Brazil,Rodrygo,FW,manual_curated_candidate,ranking_position_fallback,ranking_position_fallback,,,0,
Brazil,Raphinha,FW,manual_curated_candidate,ranking_position_fallback,ranking_position_fallback,,,0,
Netherlands,Bart Verbruggen,GK,manual_curated_candidate,ranking_position_fallback,ranking_position_fallback,,,0,
Netherlands,Denzel Dumfries,DF,manual_curated_candidate,ranking_position_fallback,ranking_position_fallback,,,0,
Netherlands,Virgil van Dijk,DF,manual_curated_candidate,ranking_position_fallback,ranking_position_fallback,,,0,
Netherlands,Matthijs de Ligt,DF,manual_curated_candidate,ranking_position_fallback,ranking_position_fallback,,,0,
Netherlands,Nathan Ake,DF,manual_curated_candidate,ranking_position_fallback,ranking_position_fallback,,,0,
Netherlands,Frenkie de Jong,MF,manual_curated_candidate,ranking_position_fallback,ranking_position_fallback,,,0,
Netherlands,Tijjani Reijnders,MF,manual_curated_candidate,ranking_position_fallback,ranking_position_fallback,,,0,
Netherlands,Xavi Simons,MF,manual_curated_candidate,ranking_position_fallback,ranking_position_fallback,,,0,
Netherlands,Cody Gakpo,FW,manual_curated_candidate,ranking_position_fallback,ranking_position_fallback,,,0,
Netherlands,Memphis Depay,FW,manual_curated_candidate,ranking_position_fallback,ranking_position_fallback,,,0,
Netherlands,Donyell Malen,FW,manual_curated_candidate,ranking_position_fallback,ranking_position_fallback,,,0,
Germany,Marc-Andre ter Stegen,GK,manual_curated_candidate,ranking_position_fallback,ranking_position_fallback,,,0,
Germany,Joshua Kimmich,DF,manual_curated_candidate,ranking_position_fallback,ranking_position_fallback,,,0,
Germany,Jonathan Tah,DF,manual_curated_candidate,ranking_position_fallback,ranking_position_fallback,,,0,
Germany,Antonio Rudiger,DF,manual_curated_candidate,ranking_position_fallback,ranking_position_fallback,,,0,
Germany,David Raum,DF,manual_curated_candidate,ranking_position_fallback,ranking_position_fallback,,,0,
Germany,Aleksandar Pavlovic,MF,manual_curated_candidate,ranking_position_fallback,ranking_position_fallback,,,0,
Germany,Jamal Musiala,MF,manual_curated_candidate,ranking_position_fallback,ranking_position_fallback,,,0,
Germany,Florian Wirtz,MF,manual_curated_candidate,ranking_position_fallback,ranking_position_fallback,,,0,
Germany,Leroy Sane,FW,manual_curated_candidate,ranking_position_fallback,ranking_position_fallback,,,0,
Germany,Kai Havertz,FW,manual_curated_candidate,ranking_position_fallback,ranking_position_fallback,,,0,
Germany,Niclas Fullkrug,FW,manual_curated_candidate,ranking_position_fallback,ranking_position_fallback,,,0,
Belgium,Koen Casteels,GK,manual_curated_candidate,ranking_position_fallback,ranking_position_fallback,,,0,
Belgium,Timothy Castagne,DF,manual_curated_candidate,ranking_position_fallback,ranking_position_fallback,,,0,
Belgium,Arthur Theate,DF,manual_curated_candidate,ranking_position_fallback,ranking_position_fallback,,,0,
Belgium,Wout Faes,DF,manual_curated_candidate,ranking_position_fallback,ranking_position_fallback,,,0,
Belgium,Maxim De Cuyper,DF,manual_curated_candidate,ranking_position_fallback,ranking_position_fallback,,,0,
Belgium,Youri Tielemans,MF,manual_curated_candidate,ranking_position_fallback,ranking_position_fallback,,,0,
Belgium,Amadou Onana,MF,manual_curated_candidate,ranking_position_fallback,ranking_position_fallback,,,0,
Belgium,Kevin De Bruyne,MF,manual_curated_candidate,ranking_position_fallback,ranking_position_fallback,,,0,
Belgium,Jeremy Doku,FW,manual_curated_candidate,ranking_position_fallback,ranking_position_fallback,,,0,
Belgium,Lois Openda,FW,manual_curated_candidate,ranking_position_fallback,ranking_position_fallback,,,0,
Belgium,Dodi Lukebakio,FW,manual_curated_candidate,ranking_position_fallback,ranking_position_fallback,,,0,
Croatia,Dominik Livakovic,GK,manual_curated_candidate,ranking_position_fallback,ranking_position_fallback,,,0,
Croatia,Josip Stanisic,DF,manual_curated_candidate,ranking_position_fallback,ranking_position_fallback,,,0,
Croatia,Josip Sutalo,DF,manual_curated_candidate,ranking_position_fallback,ranking_position_fallback,,,0,
Croatia,Josko Gvardiol,DF,manual_curated_candidate,ranking_position_fallback,ranking_position_fallback,,,0,
Croatia,Borna Sosa,DF,manual_curated_candidate,ranking_position_fallback,ranking_position_fallback,,,0,
Croatia,Luka Modric,MF,manual_curated_candidate,ranking_position_fallback,ranking_position_fallback,,,0,
Croatia,Mateo Kovacic,MF,manual_curated_candidate,ranking_position_fallback,ranking_position_fallback,,,0,
Croatia,Martin Baturina,MF,manual_curated_candidate,ranking_position_fallback,ranking_position_fallback,,,0,
Croatia,Andrej Kramaric,FW,manual_curated_candidate,ranking_position_fallback,ranking_position_fallback,,,0,
Croatia,Ante Budimir,FW,manual_curated_candidate,ranking_position_fallback,ranking_position_fallback,,,0,
Croatia,Luka Ivanusec,FW,manual_curated_candidate,ranking_position_fallback,ranking_position_fallback,,,0,
Colombia,Camilo Vargas,GK,manual_curated_candidate,ranking_position_fallback,ranking_position_fallback,,,0,
Colombia,Daniel Munoz,DF,manual_curated_candidate,ranking_position_fallback,ranking_position_fallback,,,0,
Colombia,Davinson Sanchez,DF,manual_curated_candidate,ranking_position_fallback,ranking_position_fallback,,,0,
Colombia,Jhon Lucumi,DF,manual_curated_candidate,ranking_position_fallback,ranking_position_fallback,,,0,
Colombia,Johan Mojica,DF,manual_curated_candidate,ranking_position_fallback,ranking_position_fallback,,,0,
Colombia,Jefferson Lerma,MF,manual_curated_candidate,ranking_position_fallback,ranking_position_fallback,,,0,
Colombia,Richard Rios,MF,manual_curated_candidate,ranking_position_fallback,ranking_position_fallback,,,0,
Colombia,James Rodriguez,MF,manual_curated_candidate,ranking_position_fallback,ranking_position_fallback,,,0,
Colombia,Luis Diaz,FW,manual_curated_candidate,ranking_position_fallback,ranking_position_fallback,,,0,
Colombia,Jhon Arias,FW,manual_curated_candidate,ranking_position_fallback,ranking_position_fallback,,,0,
Colombia,Jhon Duran,FW,manual_curated_candidate,ranking_position_fallback,ranking_position_fallback,,,0,
Morocco,Yassine Bounou,GK,manual_curated_candidate,ranking_position_fallback,ranking_position_fallback,,,0,
Morocco,Achraf Hakimi,DF,manual_curated_candidate,ranking_position_fallback,ranking_position_fallback,,,0,
Morocco,Nayef Aguerd,DF,manual_curated_candidate,ranking_position_fallback,ranking_position_fallback,,,0,
Morocco,Romain Saiss,DF,manual_curated_candidate,ranking_position_fallback,ranking_position_fallback,,,0,
Morocco,Noussair Mazraoui,DF,manual_curated_candidate,ranking_position_fallback,ranking_position_fallback,,,0,
Morocco,Sofyan Amrabat,MF,manual_curated_candidate,ranking_position_fallback,ranking_position_fallback,,,0,
Morocco,Azzedine Ounahi,MF,manual_curated_candidate,ranking_position_fallback,ranking_position_fallback,,,0,
Morocco,Bilal El Khannouss,MF,manual_curated_candidate,ranking_position_fallback,ranking_position_fallback,,,0,
Morocco,Brahim Diaz,FW,manual_curated_candidate,ranking_position_fallback,ranking_position_fallback,,,0,
Morocco,Youssef En-Nesyri,FW,manual_curated_candidate,ranking_position_fallback,ranking_position_fallback,,,0,
Morocco,Ayoub El Kaabi,FW,manual_curated_candidate,ranking_position_fallback,ranking_position_fallback,,,0,
Senegal,Edouard Mendy,GK,manual_curated_candidate,ranking_position_fallback,ranking_position_fallback,,,0,
Senegal,Kalidou Koulibaly,DF,manual_curated_candidate,ranking_position_fallback,ranking_position_fallback,,,0,
Senegal,Moussa Niakhate,DF,manual_curated_candidate,ranking_position_fallback,ranking_position_fallback,,,0,
Senegal,Ismail Jakobs,DF,manual_curated_candidate,ranking_position_fallback,ranking_position_fallback,,,0,
Senegal,Krepin Diatta,DF,manual_curated_candidate,ranking_position_fallback,ranking_position_fallback,,,0,
Senegal,Idrissa Gueye,MF,manual_curated_candidate,ranking_position_fallback,ranking_position_fallback,,,0,
Senegal,Pape Matar Sarr,MF,manual_curated_candidate,ranking_position_fallback,ranking_position_fallback,,,0,
Senegal,Lamine Camara,MF,manual_curated_candidate,ranking_position_fallback,ranking_position_fallback,,,0,
Senegal,Sadio Mane,FW,manual_curated_candidate,ranking_position_fallback,ranking_position_fallback,,,0,
Senegal,Nicolas Jackson,FW,manual_curated_candidate,ranking_position_fallback,ranking_position_fallback,,,0,
Senegal,Ismaila Sarr,FW,manual_curated_candidate,ranking_position_fallback,ranking_position_fallback,,,0,
Mexico,Luis Malagon,GK,manual_curated_candidate,ranking_position_fallback,ranking_position_fallback,,,0,
Mexico,Jorge Sanchez,DF,manual_curated_candidate,ranking_position_fallback,ranking_position_fallback,,,0,
Mexico,Johan Vasquez,DF,manual_curated_candidate,ranking_position_fallback,ranking_position_fallback,,,0,
Mexico,Cesar Montes,DF,manual_curated_candidate,ranking_position_fallback,ranking_position_fallback,,,0,
Mexico,Jesus Gallardo,DF,manual_curated_candidate,ranking_position_fallback,ranking_position_fallback,,,0,
Mexico,Edson Alvarez,MF,manual_curated_candidate,ranking_position_fallback,ranking_position_fallback,,,0,
Mexico,Luis Chavez,MF,manual_curated_candidate,ranking_position_fallback,ranking_position_fallback,,,0,
Mexico,Orbelin Pineda,MF,manual_curated_candidate,ranking_position_fallback,ranking_position_fallback,,,0,
Mexico,Hirving Lozano,FW,manual_curated_candidate,ranking_position_fallback,ranking_position_fallback,,,0,
Mexico,Santiago Gimenez,FW,manual_curated_candidate,ranking_position_fallback,ranking_position_fallback,,,0,
Mexico,Raul Jimenez,FW,manual_curated_candidate,ranking_position_fallback,ranking_position_fallback,,,0,
United States,Matt Turner,GK,manual_curated_candidate,ranking_position_fallback,ranking_position_fallback,,,0,
United States,Sergino Dest,DF,manual_curated_candidate,ranking_position_fallback,ranking_position_fallback,,,0,
United States,Chris Richards,DF,manual_curated_candidate,ranking_position_fallback,ranking_position_fallback,,,0,
United States,Tim Ream,DF,manual_curated_candidate,ranking_position_fallback,ranking_position_fallback,,,0,
United States,Antonee Robinson,DF,manual_curated_candidate,ranking_position_fallback,ranking_position_fallback,,,0,
United States,Tyler Adams,MF,manual_curated_candidate,ranking_position_fallback,ranking_position_fallback,,,0,
United States,Weston McKennie,MF,manual_curated_candidate,ranking_position_fallback,ranking_position_fallback,,,0,
United States,Gio Reyna,MF,manual_curated_candidate,ranking_position_fallback,ranking_position_fallback,,,0,
United States,Christian Pulisic,FW,manual_curated_candidate,ranking_position_fallback,ranking_position_fallback,,,0,
United States,Timothy Weah,FW,manual_curated_candidate,ranking_position_fallback,ranking_position_fallback,,,0,
United States,Folarin Balogun,FW,manual_curated_candidate,ranking_position_fallback,ranking_position_fallback,,,0,
Uruguay,Sergio Rochet,GK,manual_curated_candidate,ranking_position_fallback,ranking_position_fallback,,,0,
Uruguay,Nahitan Nandez,DF,manual_curated_candidate,ranking_position_fallback,ranking_position_fallback,,,0,
Uruguay,Jose Maria Gimenez,DF,manual_curated_candidate,ranking_position_fallback,ranking_position_fallback,,,0,
Uruguay,Ronald Araujo,DF,manual_curated_candidate,ranking_position_fallback,ranking_position_fallback,,,0,
Uruguay,Mathias Olivera,DF,manual_curated_candidate,ranking_position_fallback,ranking_position_fallback,,,0,
Uruguay,Federico Valverde,MF,manual_curated_candidate,ranking_position_fallback,ranking_position_fallback,,,0,
Uruguay,Manuel Ugarte,MF,manual_curated_candidate,ranking_position_fallback,ranking_position_fallback,,,0,
Uruguay,Rodrigo Bentancur,MF,manual_curated_candidate,ranking_position_fallback,ranking_position_fallback,,,0,
Uruguay,Darwin Nunez,FW,manual_curated_candidate,ranking_position_fallback,ranking_position_fallback,,,0,
Uruguay,Facundo Pellistri,FW,manual_curated_candidate,ranking_position_fallback,ranking_position_fallback,,,0,
Uruguay,Maximiliano Araujo,FW,manual_curated_candidate,ranking_position_fallback,ranking_position_fallback,,,0,
Japan,Zion Suzuki,GK,manual_curated_candidate,ranking_position_fallback,ranking_position_fallback,,,0,
Japan,Yukinari Sugawara,DF,manual_curated_candidate,ranking_position_fallback,ranking_position_fallback,,,0,
Japan,Ko Itakura,DF,manual_curated_candidate,ranking_position_fallback,ranking_position_fallback,,,0,
Japan,Takehiro Tomiyasu,DF,manual_curated_candidate,ranking_position_fallback,ranking_position_fallback,,,0,
Japan,Hiroki Ito,DF,manual_curated_candidate,ranking_position_fallback,ranking_position_fallback,,,0,
Japan,Wataru Endo,MF,manual_curated_candidate,ranking_position_fallback,ranking_position_fallback,,,0,
Japan,Hidemasa Morita,MF,manual_curated_candidate,ranking_position_fallback,ranking_position_fallback,,,0,
Japan,Ao Tanaka,MF,manual_curated_candidate,ranking_position_fallback,ranking_position_fallback,,,0,
Japan,Takefusa Kubo,FW,manual_curated_candidate,ranking_position_fallback,ranking_position_fallback,,,0,
Japan,Kaoru Mitoma,FW,manual_curated_candidate,ranking_position_fallback,ranking_position_fallback,,,0,
Japan,Daizen Maeda,FW,manual_curated_candidate,ranking_position_fallback,ranking_position_fallback,,,0,
Switzerland,Gregor Kobel,GK,manual_curated_candidate,ranking_position_fallback,ranking_position_fallback,,,0,
Switzerland,Silvan Widmer,DF,manual_curated_candidate,ranking_position_fallback,ranking_position_fallback,,,0,
Switzerland,Manuel Akanji,DF,manual_curated_candidate,ranking_position_fallback,ranking_position_fallback,,,0,
Switzerland,Nico Elvedi,DF,manual_curated_candidate,ranking_position_fallback,ranking_position_fallback,,,0,
Switzerland,Ricardo Rodriguez,DF,manual_curated_candidate,ranking_position_fallback,ranking_position_fallback,,,0,
Switzerland,Granit Xhaka,MF,manual_curated_candidate,ranking_position_fallback,ranking_position_fallback,,,0,
Switzerland,Remo Freuler,MF,manual_curated_candidate,ranking_position_fallback,ranking_position_fallback,,,0,
Switzerland,Ardon Jashari,MF,manual_curated_candidate,ranking_position_fallback,ranking_position_fallback,,,0,
Switzerland,Dan Ndoye,FW,manual_curated_candidate,ranking_position_fallback,ranking_position_fallback,,,0,
Switzerland,Breel Embolo,FW,manual_curated_candidate,ranking_position_fallback,ranking_position_fallback,,,0,
Switzerland,Ruben Vargas,FW,manual_curated_candidate,ranking_position_fallback,ranking_position_fallback,,,0,
Austria,Patrick Pentz,GK,manual_curated_candidate,ranking_position_fallback,ranking_position_fallback,,,0,
Austria,Stefan Posch,DF,manual_curated_candidate,ranking_position_fallback,ranking_position_fallback,,,0,
Austria,Kevin Danso,DF,manual_curated_candidate,ranking_position_fallback,ranking_position_fallback,,,0,
Austria,Philipp Lienhart,DF,manual_curated_candidate,ranking_position_fallback,ranking_position_fallback,,,0,
Austria,David Alaba,DF,manual_curated_candidate,ranking_position_fallback,ranking_position_fallback,,,0,
Austria,Konrad Laimer,MF,manual_curated_candidate,ranking_position_fallback,ranking_position_fallback,,,0,
Austria,Nicolas Seiwald,MF,manual_curated_candidate,ranking_position_fallback,ranking_position_fallback,,,0,
Austria,Marcel Sabitzer,MF,manual_curated_candidate,ranking_position_fallback,ranking_position_fallback,,,0,
Austria,Christoph Baumgartner,FW,manual_curated_candidate,ranking_position_fallback,ranking_position_fallback,,,0,
Austria,Marko Arnautovic,FW,manual_curated_candidate,ranking_position_fallback,ranking_position_fallback,,,0,
Austria,Michael Gregoritsch,FW,manual_curated_candidate,ranking_position_fallback,ranking_position_fallback,,,0,
South Korea,Jo Hyeon-woo,GK,manual_curated_candidate,ranking_position_fallback,ranking_position_fallback,,,0,
South Korea,Kim Moon-hwan,DF,manual_curated_candidate,ranking_position_fallback,ranking_position_fallback,,,0,
South Korea,Kim Min-jae,DF,manual_curated_candidate,ranking_position_fallback,ranking_position_fallback,,,0,
South Korea,Kim Young-gwon,DF,manual_curated_candidate,ranking_position_fallback,ranking_position_fallback,,,0,
South Korea,Lee Myung-jae,DF,manual_curated_candidate,ranking_position_fallback,ranking_position_fallback,,,0,
South Korea,Hwang In-beom,MF,manual_curated_candidate,ranking_position_fallback,ranking_position_fallback,,,0,
South Korea,Lee Kang-in,MF,manual_curated_candidate,ranking_position_fallback,ranking_position_fallback,,,0,
South Korea,Park Yong-woo,MF,manual_curated_candidate,ranking_position_fallback,ranking_position_fallback,,,0,
South Korea,Son Heung-min,FW,manual_curated_candidate,ranking_position_fallback,ranking_position_fallback,,,0,
South Korea,Hwang Hee-chan,FW,manual_curated_candidate,ranking_position_fallback,ranking_position_fallback,,,0,
South Korea,Cho Gue-sung,FW,manual_curated_candidate,ranking_position_fallback,ranking_position_fallback,,,0,
Australia,Mathew Ryan,GK,manual_curated_candidate,ranking_position_fallback,ranking_position_fallback,,,0,
Australia,Ryan Strain,DF,manual_curated_candidate,ranking_position_fallback,ranking_position_fallback,,,0,
Australia,Harry Souttar,DF,manual_curated_candidate,ranking_position_fallback,ranking_position_fallback,,,0,
Australia,Kye Rowles,DF,manual_curated_candidate,ranking_position_fallback,ranking_position_fallback,,,0,
Australia,Aziz Behich,DF,manual_curated_candidate,ranking_position_fallback,ranking_position_fallback,,,0,
Australia,Jackson Irvine,MF,manual_curated_candidate,ranking_position_fallback,ranking_position_fallback,,,0,
Australia,Aiden ONeill,MF,manual_curated_candidate,ranking_position_fallback,ranking_position_fallback,,,0,
Australia,Riley McGree,MF,manual_curated_candidate,ranking_position_fallback,ranking_position_fallback,,,0,
Australia,Craig Goodwin,FW,manual_curated_candidate,ranking_position_fallback,ranking_position_fallback,,,0,
Australia,Mitchell Duke,FW,manual_curated_candidate,ranking_position_fallback,ranking_position_fallback,,,0,
Australia,Nestory Irankunda,FW,manual_curated_candidate,ranking_position_fallback,ranking_position_fallback,,,0,
Algeria,Anthony Mandrea,GK,manual_curated_candidate,ranking_position_fallback,ranking_position_fallback,,,0,
Algeria,Youcef Atal,DF,manual_curated_candidate,ranking_position_fallback,ranking_position_fallback,,,0,
Algeria,Ramy Bensebaini,DF,manual_curated_candidate,ranking_position_fallback,ranking_position_fallback,,,0,
Algeria,Aissa Mandi,DF,manual_curated_candidate,ranking_position_fallback,ranking_position_fallback,,,0,
Algeria,Mohamed Amine Tougai,DF,manual_curated_candidate,ranking_position_fallback,ranking_position_fallback,,,0,
Algeria,Ismael Bennacer,MF,manual_curated_candidate,ranking_position_fallback,ranking_position_fallback,,,0,
Algeria,Houssem Aouar,MF,manual_curated_candidate,ranking_position_fallback,ranking_position_fallback,,,0,
Algeria,Ramiz Zerrouki,MF,manual_curated_candidate,ranking_position_fallback,ranking_position_fallback,,,0,
Algeria,Riyad Mahrez,FW,manual_curated_candidate,ranking_position_fallback,ranking_position_fallback,,,0,
Algeria,Said Benrahma,FW,manual_curated_candidate,ranking_position_fallback,ranking_position_fallback,,,0,
Algeria,Mohamed Amoura,FW,manual_curated_candidate,ranking_position_fallback,ranking_position_fallback,,,0,
Turkey,Ugurcan Cakir,GK,manual_curated_candidate,ranking_position_fallback,ranking_position_fallback,,,0,
Turkey,Zeki Celik,DF,manual_curated_candidate,ranking_position_fallback,ranking_position_fallback,,,0,
Turkey,Merih Demiral,DF,manual_curated_candidate,ranking_position_fallback,ranking_position_fallback,,,0,
Turkey,Abdulkerim Bardakci,DF,manual_curated_candidate,ranking_position_fallback,ranking_position_fallback,,,0,
Turkey,Ferdi Kadioglu,DF,manual_curated_candidate,ranking_position_fallback,ranking_position_fallback,,,0,
Turkey,Hakan Calhanoglu,MF,manual_curated_candidate,ranking_position_fallback,ranking_position_fallback,,,0,
Turkey,Orkun Kokcu,MF,manual_curated_candidate,ranking_position_fallback,ranking_position_fallback,,,0,
Turkey,Arda Guler,MF,manual_curated_candidate,ranking_position_fallback,ranking_position_fallback,,,0,
Turkey,Kenan Yildiz,FW,manual_curated_candidate,ranking_position_fallback,ranking_position_fallback,,,0,
Turkey,Baris Alper Yilmaz,FW,manual_curated_candidate,ranking_position_fallback,ranking_position_fallback,,,0,
Turkey,Kerem Akturkoglu,FW,manual_curated_candidate,ranking_position_fallback,ranking_position_fallback,,,0,
Ecuador,Hernan Galindez,GK,manual_curated_candidate,ranking_position_fallback,ranking_position_fallback,,,0,
Ecuador,Angelo Preciado,DF,manual_curated_candidate,ranking_position_fallback,ranking_position_fallback,,,0,
Ecuador,Felix Torres,DF,manual_curated_candidate,ranking_position_fallback,ranking_position_fallback,,,0,
Ecuador,Piero Hincapie,DF,manual_curated_candidate,ranking_position_fallback,ranking_position_fallback,,,0,
Ecuador,Pervis Estupinan,DF,manual_curated_candidate,ranking_position_fallback,ranking_position_fallback,,,0,
Ecuador,Moises Caicedo,MF,manual_curated_candidate,ranking_position_fallback,ranking_position_fallback,,,0,
Ecuador,Alan Franco,MF,manual_curated_candidate,ranking_position_fallback,ranking_position_fallback,,,0,
Ecuador,Kendry Paez,MF,manual_curated_candidate,ranking_position_fallback,ranking_position_fallback,,,0,
Ecuador,Enner Valencia,FW,manual_curated_candidate,ranking_position_fallback,ranking_position_fallback,,,0,
Ecuador,Kevin Rodriguez,FW,manual_curated_candidate,ranking_position_fallback,ranking_position_fallback,,,0,
Ecuador,Gonzalo Plata,FW,manual_curated_candidate,ranking_position_fallback,ranking_position_fallback,,,0,
Bosnia and Herzegovina,Nikola Vasilj,GK,manual_curated_candidate,ranking_position_fallback,ranking_position_fallback,,,0,
Bosnia and Herzegovina,Amar Dedic,DF,manual_curated_candidate,ranking_position_fallback,ranking_position_fallback,,,0,
Bosnia and Herzegovina,Dennis Hadzikadunic,DF,manual_curated_candidate,ranking_position_fallback,ranking_position_fallback,,,0,
Bosnia and Herzegovina,Adrian Leon Barisic,DF,manual_curated_candidate,ranking_position_fallback,ranking_position_fallback,,,0,
Bosnia and Herzegovina,Sead Kolasinac,DF,manual_curated_candidate,ranking_position_fallback,ranking_position_fallback,,,0,
Bosnia and Herzegovina,Miralem Pjanic,MF,manual_curated_candidate,ranking_position_fallback,ranking_position_fallback,,,0,
Bosnia and Herzegovina,Rade Krunic,MF,manual_curated_candidate,ranking_position_fallback,ranking_position_fallback,,,0,
Bosnia and Herzegovina,Benjamin Tahirovic,MF,manual_curated_candidate,ranking_position_fallback,ranking_position_fallback,,,0,
Bosnia and Herzegovina,Edin Dzeko,FW,manual_curated_candidate,ranking_position_fallback,ranking_position_fallback,,,0,
Bosnia and Herzegovina,Ermedin Demirovic,FW,manual_curated_candidate,ranking_position_fallback,ranking_position_fallback,,,0,
Bosnia and Herzegovina,Haris Hajradinovic,FW,manual_curated_candidate,ranking_position_fallback,ranking_position_fallback,,,0,
Canada,Maxime Crepeau,GK,manual_curated_candidate,ranking_position_fallback,ranking_position_fallback,,,0,
Canada,Alistair Johnston,DF,manual_curated_candidate,ranking_position_fallback,ranking_position_fallback,,,0,
Canada,Moise Bombito,DF,manual_curated_candidate,ranking_position_fallback,ranking_position_fallback,,,0,
Canada,Derek Cornelius,DF,manual_curated_candidate,ranking_position_fallback,ranking_position_fallback,,,0,
Canada,Alphonso Davies,DF,manual_curated_candidate,ranking_position_fallback,ranking_position_fallback,,,0,
Canada,Stephen Eustaquio,MF,manual_curated_candidate,ranking_position_fallback,ranking_position_fallback,,,0,
Canada,Ismael Kone,MF,manual_curated_candidate,ranking_position_fallback,ranking_position_fallback,,,0,
Canada,Jonathan Osorio,MF,manual_curated_candidate,ranking_position_fallback,ranking_position_fallback,,,0,
Canada,Tajon Buchanan,FW,manual_curated_candidate,ranking_position_fallback,ranking_position_fallback,,,0,
Canada,Jonathan David,FW,manual_curated_candidate,ranking_position_fallback,ranking_position_fallback,,,0,
Canada,Cyle Larin,FW,manual_curated_candidate,ranking_position_fallback,ranking_position_fallback,,,0,
Cape Verde,Vozinha,GK,manual_curated_candidate,ranking_position_fallback,ranking_position_fallback,,,0,
Cape Verde,Roberto Lopes,DF,manual_curated_candidate,ranking_position_fallback,ranking_position_fallback,,,0,
Cape Verde,Logan Costa,DF,manual_curated_candidate,ranking_position_fallback,ranking_position_fallback,,,0,
Cape Verde,Steven Moreira,DF,manual_curated_candidate,ranking_position_fallback,ranking_position_fallback,,,0,
Cape Verde,Joao Paulo Fernandes,DF,manual_curated_candidate,ranking_position_fallback,ranking_position_fallback,,,0,
Cape Verde,Jamiro Monteiro,MF,manual_curated_candidate,ranking_position_fallback,ranking_position_fallback,,,0,
Cape Verde,Kevin Pina,MF,manual_curated_candidate,ranking_position_fallback,ranking_position_fallback,,,0,
Cape Verde,Deroy Duarte,MF,manual_curated_candidate,ranking_position_fallback,ranking_position_fallback,,,0,
Cape Verde,Ryan Mendes,FW,manual_curated_candidate,ranking_position_fallback,ranking_position_fallback,,,0,
Cape Verde,Garry Rodrigues,FW,manual_curated_candidate,ranking_position_fallback,ranking_position_fallback,,,0,
Cape Verde,Dailon Livramento,FW,manual_curated_candidate,ranking_position_fallback,ranking_position_fallback,,,0,
Curacao,Eloy Room,GK,manual_curated_candidate,ranking_position_fallback,ranking_position_fallback,,,0,
Curacao,Cuco Martina,DF,manual_curated_candidate,ranking_position_fallback,ranking_position_fallback,,,0,
Curacao,Roshon van Eijma,DF,manual_curated_candidate,ranking_position_fallback,ranking_position_fallback,,,0,
Curacao,Sherel Floranus,DF,manual_curated_candidate,ranking_position_fallback,ranking_position_fallback,,,0,
Curacao,Jurien Gaari,DF,manual_curated_candidate,ranking_position_fallback,ranking_position_fallback,,,0,
Curacao,Leandro Bacuna,MF,manual_curated_candidate,ranking_position_fallback,ranking_position_fallback,,,0,
Curacao,Juninho Bacuna,MF,manual_curated_candidate,ranking_position_fallback,ranking_position_fallback,,,0,
Curacao,Vurnon Anita,MF,manual_curated_candidate,ranking_position_fallback,ranking_position_fallback,,,0,
Curacao,Kenji Gorre,FW,manual_curated_candidate,ranking_position_fallback,ranking_position_fallback,,,0,
Curacao,Gervane Kastaneer,FW,manual_curated_candidate,ranking_position_fallback,ranking_position_fallback,,,0,
Curacao,Rangelo Janga,FW,manual_curated_candidate,ranking_position_fallback,ranking_position_fallback,,,0,
Czechia,Jindrich Stanek,GK,manual_curated_candidate,ranking_position_fallback,ranking_position_fallback,,,0,
Czechia,Vladimir Coufal,DF,manual_curated_candidate,ranking_position_fallback,ranking_position_fallback,,,0,
Czechia,Tomas Holes,DF,manual_curated_candidate,ranking_position_fallback,ranking_position_fallback,,,0,
Czechia,Ladislav Krejci,DF,manual_curated_candidate,ranking_position_fallback,ranking_position_fallback,,,0,
Czechia,David Jurasek,DF,manual_curated_candidate,ranking_position_fallback,ranking_position_fallback,,,0,
Czechia,Tomas Soucek,MF,manual_curated_candidate,ranking_position_fallback,ranking_position_fallback,,,0,
Czechia,Alex Kral,MF,manual_curated_candidate,ranking_position_fallback,ranking_position_fallback,,,0,
Czechia,Lukas Provod,MF,manual_curated_candidate,ranking_position_fallback,ranking_position_fallback,,,0,
Czechia,Patrik Schick,FW,manual_curated_candidate,ranking_position_fallback,ranking_position_fallback,,,0,
Czechia,Adam Hlozek,FW,manual_curated_candidate,ranking_position_fallback,ranking_position_fallback,,,0,
Czechia,Vaclav Cerny,FW,manual_curated_candidate,ranking_position_fallback,ranking_position_fallback,,,0,
DR Congo,Lionel Mpasi,GK,manual_curated_candidate,ranking_position_fallback,ranking_position_fallback,,,0,
DR Congo,Chancel Mbemba,DF,manual_curated_candidate,ranking_position_fallback,ranking_position_fallback,,,0,
DR Congo,Dylan Batubinsika,DF,manual_curated_candidate,ranking_position_fallback,ranking_position_fallback,,,0,
DR Congo,Arthur Masuaku,DF,manual_curated_candidate,ranking_position_fallback,ranking_position_fallback,,,0,
DR Congo,Gedeon Kalulu,DF,manual_curated_candidate,ranking_position_fallback,ranking_position_fallback,,,0,
DR Congo,Samuel Moutoussamy,MF,manual_curated_candidate,ranking_position_fallback,ranking_position_fallback,,,0,
DR Congo,Charles Pickel,MF,manual_curated_candidate,ranking_position_fallback,ranking_position_fallback,,,0,
DR Congo,Theo Bongonda,MF,manual_curated_candidate,ranking_position_fallback,ranking_position_fallback,,,0,
DR Congo,Yoane Wissa,FW,manual_curated_candidate,ranking_position_fallback,ranking_position_fallback,,,0,
DR Congo,Cedric Bakambu,FW,manual_curated_candidate,ranking_position_fallback,ranking_position_fallback,,,0,
DR Congo,Silas Katompa Mvumpa,FW,manual_curated_candidate,ranking_position_fallback,ranking_position_fallback,,,0,
Egypt,Mohamed El Shenawy,GK,manual_curated_candidate,ranking_position_fallback,ranking_position_fallback,,,0,
Egypt,Mohamed Hany,DF,manual_curated_candidate,ranking_position_fallback,ranking_position_fallback,,,0,
Egypt,Ahmed Hegazy,DF,manual_curated_candidate,ranking_position_fallback,ranking_position_fallback,,,0,
Egypt,Mohamed Abdelmonem,DF,manual_curated_candidate,ranking_position_fallback,ranking_position_fallback,,,0,
Egypt,Mohamed Hamdy,DF,manual_curated_candidate,ranking_position_fallback,ranking_position_fallback,,,0,
Egypt,Mohamed Elneny,MF,manual_curated_candidate,ranking_position_fallback,ranking_position_fallback,,,0,
Egypt,Hamdi Fathi,MF,manual_curated_candidate,ranking_position_fallback,ranking_position_fallback,,,0,
Egypt,Emam Ashour,MF,manual_curated_candidate,ranking_position_fallback,ranking_position_fallback,,,0,
Egypt,Mohamed Salah,FW,manual_curated_candidate,ranking_position_fallback,ranking_position_fallback,,,0,
Egypt,Mostafa Mohamed,FW,manual_curated_candidate,ranking_position_fallback,ranking_position_fallback,,,0,
Egypt,Omar Marmoush,FW,manual_curated_candidate,ranking_position_fallback,ranking_position_fallback,,,0,
Ghana,Lawrence Ati-Zigi,GK,manual_curated_candidate,ranking_position_fallback,ranking_position_fallback,,,0,
Ghana,Alidu Seidu,DF,manual_curated_candidate,ranking_position_fallback,ranking_position_fallback,,,0,
Ghana,Alexander Djiku,DF,manual_curated_candidate,ranking_position_fallback,ranking_position_fallback,,,0,
Ghana,Mohammed Salisu,DF,manual_curated_candidate,ranking_position_fallback,ranking_position_fallback,,,0,
Ghana,Gideon Mensah,DF,manual_curated_candidate,ranking_position_fallback,ranking_position_fallback,,,0,
Ghana,Thomas Partey,MF,manual_curated_candidate,ranking_position_fallback,ranking_position_fallback,,,0,
Ghana,Mohammed Kudus,MF,manual_curated_candidate,ranking_position_fallback,ranking_position_fallback,,,0,
Ghana,Majeed Ashimeru,MF,manual_curated_candidate,ranking_position_fallback,ranking_position_fallback,,,0,
Ghana,Jordan Ayew,FW,manual_curated_candidate,ranking_position_fallback,ranking_position_fallback,,,0,
Ghana,Inaki Williams,FW,manual_curated_candidate,ranking_position_fallback,ranking_position_fallback,,,0,
Ghana,Antoine Semenyo,FW,manual_curated_candidate,ranking_position_fallback,ranking_position_fallback,,,0,
Haiti,Alexandre Pierre,GK,manual_curated_candidate,ranking_position_fallback,ranking_position_fallback,,,0,
Haiti,Carlens Arcus,DF,manual_curated_candidate,ranking_position_fallback,ranking_position_fallback,,,0,
Haiti,Ricardo Ade,DF,manual_curated_candidate,ranking_position_fallback,ranking_position_fallback,,,0,
Haiti,Garven-Michee Metusala,DF,manual_curated_candidate,ranking_position_fallback,ranking_position_fallback,,,0,
Haiti,Alex Christian,DF,manual_curated_candidate,ranking_position_fallback,ranking_position_fallback,,,0,
Haiti,Bryan Alceus,MF,manual_curated_candidate,ranking_position_fallback,ranking_position_fallback,,,0,
Haiti,Danley Jean Jacques,MF,manual_curated_candidate,ranking_position_fallback,ranking_position_fallback,,,0,
Haiti,Leverton Pierre,MF,manual_curated_candidate,ranking_position_fallback,ranking_position_fallback,,,0,
Haiti,Duckens Nazon,FW,manual_curated_candidate,ranking_position_fallback,ranking_position_fallback,,,0,
Haiti,Frantzdy Pierrot,FW,manual_curated_candidate,ranking_position_fallback,ranking_position_fallback,,,0,
Haiti,Louicius Don Deedson,FW,manual_curated_candidate,ranking_position_fallback,ranking_position_fallback,,,0,
Iran,Alireza Beiranvand,GK,manual_curated_candidate,ranking_position_fallback,ranking_position_fallback,,,0,
Iran,Sadegh Moharrami,DF,manual_curated_candidate,ranking_position_fallback,ranking_position_fallback,,,0,
Iran,Shoja Khalilzadeh,DF,manual_curated_candidate,ranking_position_fallback,ranking_position_fallback,,,0,
Iran,Hossein Kanaanizadegan,DF,manual_curated_candidate,ranking_position_fallback,ranking_position_fallback,,,0,
Iran,Milad Mohammadi,DF,manual_curated_candidate,ranking_position_fallback,ranking_position_fallback,,,0,
Iran,Saeid Ezatolahi,MF,manual_curated_candidate,ranking_position_fallback,ranking_position_fallback,,,0,
Iran,Saman Ghoddos,MF,manual_curated_candidate,ranking_position_fallback,ranking_position_fallback,,,0,
Iran,Mehdi Torabi,MF,manual_curated_candidate,ranking_position_fallback,ranking_position_fallback,,,0,
Iran,Mehdi Taremi,FW,manual_curated_candidate,ranking_position_fallback,ranking_position_fallback,,,0,
Iran,Sardar Azmoun,FW,manual_curated_candidate,ranking_position_fallback,ranking_position_fallback,,,0,
Iran,Alireza Jahanbakhsh,FW,manual_curated_candidate,ranking_position_fallback,ranking_position_fallback,,,0,
Iraq,Jalal Hassan,GK,manual_curated_candidate,ranking_position_fallback,ranking_position_fallback,,,0,
Iraq,Hussein Ali,DF,manual_curated_candidate,ranking_position_fallback,ranking_position_fallback,,,0,
Iraq,Zaid Tahseen,DF,manual_curated_candidate,ranking_position_fallback,ranking_position_fallback,,,0,
Iraq,Rebin Sulaka,DF,manual_curated_candidate,ranking_position_fallback,ranking_position_fallback,,,0,
Iraq,Merchas Doski,DF,manual_curated_candidate,ranking_position_fallback,ranking_position_fallback,,,0,
Iraq,Amir Al Ammari,MF,manual_curated_candidate,ranking_position_fallback,ranking_position_fallback,,,0,
Iraq,Ibrahim Bayesh,MF,manual_curated_candidate,ranking_position_fallback,ranking_position_fallback,,,0,
Iraq,Osama Rashid,MF,manual_curated_candidate,ranking_position_fallback,ranking_position_fallback,,,0,
Iraq,Aymen Hussein,FW,manual_curated_candidate,ranking_position_fallback,ranking_position_fallback,,,0,
Iraq,Ali Al-Hamadi,FW,manual_curated_candidate,ranking_position_fallback,ranking_position_fallback,,,0,
Iraq,Mohanad Ali,FW,manual_curated_candidate,ranking_position_fallback,ranking_position_fallback,,,0,
Ivory Coast,Yahia Fofana,GK,manual_curated_candidate,ranking_position_fallback,ranking_position_fallback,,,0,
Ivory Coast,Serge Aurier,DF,manual_curated_candidate,ranking_position_fallback,ranking_position_fallback,,,0,
Ivory Coast,Odilon Kossounou,DF,manual_curated_candidate,ranking_position_fallback,ranking_position_fallback,,,0,
Ivory Coast,Evan Ndicka,DF,manual_curated_candidate,ranking_position_fallback,ranking_position_fallback,,,0,
Ivory Coast,Ghislain Konan,DF,manual_curated_candidate,ranking_position_fallback,ranking_position_fallback,,,0,
Ivory Coast,Franck Kessie,MF,manual_curated_candidate,ranking_position_fallback,ranking_position_fallback,,,0,
Ivory Coast,Ibrahim Sangare,MF,manual_curated_candidate,ranking_position_fallback,ranking_position_fallback,,,0,
Ivory Coast,Seko Fofana,MF,manual_curated_candidate,ranking_position_fallback,ranking_position_fallback,,,0,
Ivory Coast,Simon Adingra,FW,manual_curated_candidate,ranking_position_fallback,ranking_position_fallback,,,0,
Ivory Coast,Sebastien Haller,FW,manual_curated_candidate,ranking_position_fallback,ranking_position_fallback,,,0,
Ivory Coast,Oumar Diakite,FW,manual_curated_candidate,ranking_position_fallback,ranking_position_fallback,,,0,
Jordan,Yazeed Abulaila,GK,manual_curated_candidate,ranking_position_fallback,ranking_position_fallback,,,0,
Jordan,Ehsan Haddad,DF,manual_curated_candidate,ranking_position_fallback,ranking_position_fallback,,,0,
Jordan,Abdallah Nasib,DF,manual_curated_candidate,ranking_position_fallback,ranking_position_fallback,,,0,
Jordan,Yazan Al-Arab,DF,manual_curated_candidate,ranking_position_fallback,ranking_position_fallback,,,0,
Jordan,Salem Al-Ajalin,DF,manual_curated_candidate,ranking_position_fallback,ranking_position_fallback,,,0,
Jordan,Nizar Al-Rashdan,MF,manual_curated_candidate,ranking_position_fallback,ranking_position_fallback,,,0,
Jordan,Noor Al-Rawabdeh,MF,manual_curated_candidate,ranking_position_fallback,ranking_position_fallback,,,0,
Jordan,Mahmoud Mardi,MF,manual_curated_candidate,ranking_position_fallback,ranking_position_fallback,,,0,
Jordan,Musa Al-Taamari,FW,manual_curated_candidate,ranking_position_fallback,ranking_position_fallback,,,0,
Jordan,Yazan Al-Naimat,FW,manual_curated_candidate,ranking_position_fallback,ranking_position_fallback,,,0,
Jordan,Ali Olwan,FW,manual_curated_candidate,ranking_position_fallback,ranking_position_fallback,,,0,
New Zealand,Max Crocombe,GK,manual_curated_candidate,ranking_position_fallback,ranking_position_fallback,,,0,
New Zealand,Tim Payne,DF,manual_curated_candidate,ranking_position_fallback,ranking_position_fallback,,,0,
New Zealand,Michael Boxall,DF,manual_curated_candidate,ranking_position_fallback,ranking_position_fallback,,,0,
New Zealand,Nando Pijnaker,DF,manual_curated_candidate,ranking_position_fallback,ranking_position_fallback,,,0,
New Zealand,Liberato Cacace,DF,manual_curated_candidate,ranking_position_fallback,ranking_position_fallback,,,0,
New Zealand,Joe Bell,MF,manual_curated_candidate,ranking_position_fallback,ranking_position_fallback,,,0,
New Zealand,Marko Stamenic,MF,manual_curated_candidate,ranking_position_fallback,ranking_position_fallback,,,0,
New Zealand,Matthew Garbett,MF,manual_curated_candidate,ranking_position_fallback,ranking_position_fallback,,,0,
New Zealand,Chris Wood,FW,manual_curated_candidate,ranking_position_fallback,ranking_position_fallback,,,0,
New Zealand,Ben Waine,FW,manual_curated_candidate,ranking_position_fallback,ranking_position_fallback,,,0,
New Zealand,Elijah Just,FW,manual_curated_candidate,ranking_position_fallback,ranking_position_fallback,,,0,
Norway,Orjan Nyland,GK,manual_curated_candidate,ranking_position_fallback,ranking_position_fallback,,,0,
Norway,Julian Ryerson,DF,manual_curated_candidate,ranking_position_fallback,ranking_position_fallback,,,0,
Norway,Leo Ostigard,DF,manual_curated_candidate,ranking_position_fallback,ranking_position_fallback,,,0,
Norway,Kristoffer Ajer,DF,manual_curated_candidate,ranking_position_fallback,ranking_position_fallback,,,0,
Norway,David Moller Wolfe,DF,manual_curated_candidate,ranking_position_fallback,ranking_position_fallback,,,0,
Norway,Sander Berge,MF,manual_curated_candidate,ranking_position_fallback,ranking_position_fallback,,,0,
Norway,Martin Odegaard,MF,manual_curated_candidate,ranking_position_fallback,ranking_position_fallback,,,0,
Norway,Patrick Berg,MF,manual_curated_candidate,ranking_position_fallback,ranking_position_fallback,,,0,
Norway,Erling Haaland,FW,manual_curated_candidate,ranking_position_fallback,ranking_position_fallback,,,0,
Norway,Alexander Sorloth,FW,manual_curated_candidate,ranking_position_fallback,ranking_position_fallback,,,0,
Norway,Antonio Nusa,FW,manual_curated_candidate,ranking_position_fallback,ranking_position_fallback,,,0,
Panama,Orlando Mosquera,GK,manual_curated_candidate,ranking_position_fallback,ranking_position_fallback,,,0,
Panama,Michael Murillo,DF,manual_curated_candidate,ranking_position_fallback,ranking_position_fallback,,,0,
Panama,Fidel Escobar,DF,manual_curated_candidate,ranking_position_fallback,ranking_position_fallback,,,0,
Panama,Jose Cordoba,DF,manual_curated_candidate,ranking_position_fallback,ranking_position_fallback,,,0,
Panama,Eric Davis,DF,manual_curated_candidate,ranking_position_fallback,ranking_position_fallback,,,0,
Panama,Anibal Godoy,MF,manual_curated_candidate,ranking_position_fallback,ranking_position_fallback,,,0,
Panama,Adalberto Carrasquilla,MF,manual_curated_candidate,ranking_position_fallback,ranking_position_fallback,,,0,
Panama,Cristian Martinez,MF,manual_curated_candidate,ranking_position_fallback,ranking_position_fallback,,,0,
Panama,Jose Fajardo,FW,manual_curated_candidate,ranking_position_fallback,ranking_position_fallback,,,0,
Panama,Cecilio Waterman,FW,manual_curated_candidate,ranking_position_fallback,ranking_position_fallback,,,0,
Panama,Ismael Diaz,FW,manual_curated_candidate,ranking_position_fallback,ranking_position_fallback,,,0,
Paraguay,Roberto Fernandez,GK,manual_curated_candidate,ranking_position_fallback,ranking_position_fallback,,,0,
Paraguay,Gustavo Gomez,DF,manual_curated_candidate,ranking_position_fallback,ranking_position_fallback,,,0,
Paraguay,Omar Alderete,DF,manual_curated_candidate,ranking_position_fallback,ranking_position_fallback,,,0,
Paraguay,Junior Alonso,DF,manual_curated_candidate,ranking_position_fallback,ranking_position_fallback,,,0,
Paraguay,Santiago Arzamendia,DF,manual_curated_candidate,ranking_position_fallback,ranking_position_fallback,,,0,
Paraguay,Mathias Villasanti,MF,manual_curated_candidate,ranking_position_fallback,ranking_position_fallback,,,0,
Paraguay,Andres Cubas,MF,manual_curated_candidate,ranking_position_fallback,ranking_position_fallback,,,0,
Paraguay,Diego Gomez,MF,manual_curated_candidate,ranking_position_fallback,ranking_position_fallback,,,0,
Paraguay,Miguel Almiron,FW,manual_curated_candidate,ranking_position_fallback,ranking_position_fallback,,,0,
Paraguay,Julio Enciso,FW,manual_curated_candidate,ranking_position_fallback,ranking_position_fallback,,,0,
Paraguay,Antonio Sanabria,FW,manual_curated_candidate,ranking_position_fallback,ranking_position_fallback,,,0,
Qatar,Meshaal Barsham,GK,manual_curated_candidate,ranking_position_fallback,ranking_position_fallback,,,0,
Qatar,Pedro Miguel,DF,manual_curated_candidate,ranking_position_fallback,ranking_position_fallback,,,0,
Qatar,Boualem Khoukhi,DF,manual_curated_candidate,ranking_position_fallback,ranking_position_fallback,,,0,
Qatar,Lucas Mendes,DF,manual_curated_candidate,ranking_position_fallback,ranking_position_fallback,,,0,
Qatar,Homam Ahmed,DF,manual_curated_candidate,ranking_position_fallback,ranking_position_fallback,,,0,
Qatar,Assim Madibo,MF,manual_curated_candidate,ranking_position_fallback,ranking_position_fallback,,,0,
Qatar,Abdulaziz Hatem,MF,manual_curated_candidate,ranking_position_fallback,ranking_position_fallback,,,0,
Qatar,Hassan Al-Haydos,MF,manual_curated_candidate,ranking_position_fallback,ranking_position_fallback,,,0,
Qatar,Akram Afif,FW,manual_curated_candidate,ranking_position_fallback,ranking_position_fallback,,,0,
Qatar,Almoez Ali,FW,manual_curated_candidate,ranking_position_fallback,ranking_position_fallback,,,0,
Qatar,Mohammed Muntari,FW,manual_curated_candidate,ranking_position_fallback,ranking_position_fallback,,,0,
Saudi Arabia,Mohammed Al-Owais,GK,manual_curated_candidate,ranking_position_fallback,ranking_position_fallback,,,0,
Saudi Arabia,Saud Abdulhamid,DF,manual_curated_candidate,ranking_position_fallback,ranking_position_fallback,,,0,
Saudi Arabia,Ali Al-Bulaihi,DF,manual_curated_candidate,ranking_position_fallback,ranking_position_fallback,,,0,
Saudi Arabia,Hassan Tambakti,DF,manual_curated_candidate,ranking_position_fallback,ranking_position_fallback,,,0,
Saudi Arabia,Yasser Al-Shahrani,DF,manual_curated_candidate,ranking_position_fallback,ranking_position_fallback,,,0,
Saudi Arabia,Mohamed Kanno,MF,manual_curated_candidate,ranking_position_fallback,ranking_position_fallback,,,0,
Saudi Arabia,Salem Al-Dawsari,MF,manual_curated_candidate,ranking_position_fallback,ranking_position_fallback,,,0,
Saudi Arabia,Abdulrahman Ghareeb,MF,manual_curated_candidate,ranking_position_fallback,ranking_position_fallback,,,0,
Saudi Arabia,Feras Al-Buraikan,FW,manual_curated_candidate,ranking_position_fallback,ranking_position_fallback,,,0,
Saudi Arabia,Saleh Al-Shehri,FW,manual_curated_candidate,ranking_position_fallback,ranking_position_fallback,,,0,
Saudi Arabia,Abdullah Radif,FW,manual_curated_candidate,ranking_position_fallback,ranking_position_fallback,,,0,
Scotland,Angus Gunn,GK,manual_curated_candidate,ranking_position_fallback,ranking_position_fallback,,,0,
Scotland,Aaron Hickey,DF,manual_curated_candidate,ranking_position_fallback,ranking_position_fallback,,,0,
Scotland,Ryan Porteous,DF,manual_curated_candidate,ranking_position_fallback,ranking_position_fallback,,,0,
Scotland,Scott McKenna,DF,manual_curated_candidate,ranking_position_fallback,ranking_position_fallback,,,0,
Scotland,Kieran Tierney,DF,manual_curated_candidate,ranking_position_fallback,ranking_position_fallback,,,0,
Scotland,Scott McTominay,MF,manual_curated_candidate,ranking_position_fallback,ranking_position_fallback,,,0,
Scotland,Billy Gilmour,MF,manual_curated_candidate,ranking_position_fallback,ranking_position_fallback,,,0,
Scotland,John McGinn,MF,manual_curated_candidate,ranking_position_fallback,ranking_position_fallback,,,0,
Scotland,Che Adams,FW,manual_curated_candidate,ranking_position_fallback,ranking_position_fallback,,,0,
Scotland,Lyndon Dykes,FW,manual_curated_candidate,ranking_position_fallback,ranking_position_fallback,,,0,
Scotland,Ben Doak,FW,manual_curated_candidate,ranking_position_fallback,ranking_position_fallback,,,0,
South Africa,Ronwen Williams,GK,manual_curated_candidate,ranking_position_fallback,ranking_position_fallback,,,0,
South Africa,Khuliso Mudau,DF,manual_curated_candidate,ranking_position_fallback,ranking_position_fallback,,,0,
South Africa,Grant Kekana,DF,manual_curated_candidate,ranking_position_fallback,ranking_position_fallback,,,0,
South Africa,Mothobi Mvala,DF,manual_curated_candidate,ranking_position_fallback,ranking_position_fallback,,,0,
South Africa,Aubrey Modiba,DF,manual_curated_candidate,ranking_position_fallback,ranking_position_fallback,,,0,
South Africa,Teboho Mokoena,MF,manual_curated_candidate,ranking_position_fallback,ranking_position_fallback,,,0,
South Africa,Sphephelo Sithole,MF,manual_curated_candidate,ranking_position_fallback,ranking_position_fallback,,,0,
South Africa,Themba Zwane,MF,manual_curated_candidate,ranking_position_fallback,ranking_position_fallback,,,0,
South Africa,Percy Tau,FW,manual_curated_candidate,ranking_position_fallback,ranking_position_fallback,,,0,
South Africa,Evidence Makgopa,FW,manual_curated_candidate,ranking_position_fallback,ranking_position_fallback,,,0,
South Africa,Lyle Foster,FW,manual_curated_candidate,ranking_position_fallback,ranking_position_fallback,,,0,
Sweden,Robin Olsen,GK,manual_curated_candidate,ranking_position_fallback,ranking_position_fallback,,,0,
Sweden,Emil Krafth,DF,manual_curated_candidate,ranking_position_fallback,ranking_position_fallback,,,0,
Sweden,Victor Lindelof,DF,manual_curated_candidate,ranking_position_fallback,ranking_position_fallback,,,0,
Sweden,Isak Hien,DF,manual_curated_candidate,ranking_position_fallback,ranking_position_fallback,,,0,
Sweden,Ludwig Augustinsson,DF,manual_curated_candidate,ranking_position_fallback,ranking_position_fallback,,,0,
Sweden,Jens Cajuste,MF,manual_curated_candidate,ranking_position_fallback,ranking_position_fallback,,,0,
Sweden,Mattias Svanberg,MF,manual_curated_candidate,ranking_position_fallback,ranking_position_fallback,,,0,
Sweden,Dejan Kulusevski,MF,manual_curated_candidate,ranking_position_fallback,ranking_position_fallback,,,0,
Sweden,Alexander Isak,FW,manual_curated_candidate,ranking_position_fallback,ranking_position_fallback,,,0,
Sweden,Viktor Gyokeres,FW,manual_curated_candidate,ranking_position_fallback,ranking_position_fallback,,,0,
Sweden,Anthony Elanga,FW,manual_curated_candidate,ranking_position_fallback,ranking_position_fallback,,,0,
Tunisia,Bechir Ben Said,GK,manual_curated_candidate,ranking_position_fallback,ranking_position_fallback,,,0,
Tunisia,Wajdi Kechrida,DF,manual_curated_candidate,ranking_position_fallback,ranking_position_fallback,,,0,
Tunisia,Montassar Talbi,DF,manual_curated_candidate,ranking_position_fallback,ranking_position_fallback,,,0,
Tunisia,Yassine Meriah,DF,manual_curated_candidate,ranking_position_fallback,ranking_position_fallback,,,0,
Tunisia,Ali Abdi,DF,manual_curated_candidate,ranking_position_fallback,ranking_position_fallback,,,0,
Tunisia,Ellyes Skhiri,MF,manual_curated_candidate,ranking_position_fallback,ranking_position_fallback,,,0,
Tunisia,Aissa Laidouni,MF,manual_curated_candidate,ranking_position_fallback,ranking_position_fallback,,,0,
Tunisia,Hannibal Mejbri,MF,manual_curated_candidate,ranking_position_fallback,ranking_position_fallback,,,0,
Tunisia,Youssef Msakni,FW,manual_curated_candidate,ranking_position_fallback,ranking_position_fallback,,,0,
Tunisia,Elias Achouri,FW,manual_curated_candidate,ranking_position_fallback,ranking_position_fallback,,,0,
Tunisia,Seifeddine Jaziri,FW,manual_curated_candidate,ranking_position_fallback,ranking_position_fallback,,,0,
Uzbekistan,Utkir Yusupov,GK,manual_curated_candidate,ranking_position_fallback,ranking_position_fallback,,,0,
Uzbekistan,Farrukh Sayfiyev,DF,manual_curated_candidate,ranking_position_fallback,ranking_position_fallback,,,0,
Uzbekistan,Rustamjon Ashurmatov,DF,manual_curated_candidate,ranking_position_fallback,ranking_position_fallback,,,0,
Uzbekistan,Abdukodir Khusanov,DF,manual_curated_candidate,ranking_position_fallback,ranking_position_fallback,,,0,
Uzbekistan,Sherzod Nasrullaev,DF,manual_curated_candidate,ranking_position_fallback,ranking_position_fallback,,,0,
Uzbekistan,Odiljon Hamrobekov,MF,manual_curated_candidate,ranking_position_fallback,ranking_position_fallback,,,0,
Uzbekistan,Otabek Shukurov,MF,manual_curated_candidate,ranking_position_fallback,ranking_position_fallback,,,0,
Uzbekistan,Abbosbek Fayzullaev,MF,manual_curated_candidate,ranking_position_fallback,ranking_position_fallback,,,0,
Uzbekistan,Eldor Shomurodov,FW,manual_curated_candidate,ranking_position_fallback,ranking_position_fallback,,,0,
Uzbekistan,Igor Sergeev,FW,manual_curated_candidate,ranking_position_fallback,ranking_position_fallback,,,0,
Uzbekistan,Jaloliddin Masharipov,FW,manual_curated_candidate,ranking_position_fallback,ranking_position_fallback,,,0,
